lexicon,keys_count,types_count,keys,types,record_folder
"2048.blue.game","15","1","did;collection;rkey;record;time_us;$type;completed;createdAt;currentScore;seededRecording;syncStatus;won;hash;syncedWithAtRepo;updatedAt","blue.2048.game","./records/2048.blue.game"
"2048.blue.player","12","1","did;collection;rkey;record;time_us;$type;createdAt;soloPlay;syncStatus;hash;syncedWithAtRepo;updatedAt","blue.2048.player.profile","./records/2048.blue.player"
"5leaf.jp.sync","13","1","did;collection;rkey;record;time_us;$type;cid;root;source;uri;id;server;url","jp.5leaf.sync.mastodon","./records/5leaf.jp.sync"
"addmoresphere.xyz.vertexAssignment","13","1","did;collection;rkey;record;time_us;$type;assignedAt;lastSeen;metadata;sphereGeneration;vertexId;color;isFoundingMember","xyz.addmoresphere.vertexAssignment","./records/addmoresphere.xyz.vertexAssignment"
"aftertheinter.net.cool","7","1","did;collection;rkey;record;time_us;$type;status","net.aftertheinter.cool.thing","./records/aftertheinter.net.cool"
"aftertheinter.net.coolthing","7","1","did;collection;rkey;record;time_us;$type;status","net.aftertheinter.coolthing","./records/aftertheinter.net.coolthing"
"aftertheinter.net.coolthingtwo","8","1","did;collection;rkey;record;time_us;$type;status;createdAt","net.aftertheinter.coolthingtwo","./records/aftertheinter.net.coolthingtwo"
"akizuki.best.blahglegacy","17","2","did;collection;rkey;record;time_us;$type;description;publishedAt;subtitle;tags;text;title;updatedAt;ref;mimeType;size;$link","best.akizuki.blahglegacy.post;blob","./records/akizuki.best.blahglegacy"
"alephcubed.com.starmark","14","1","did;collection;rkey;record;time_us;$type;createdAt;lang;media;rating;ratingScale;subject;body;spoiler","com.alephcubed.starmark.review","./records/alephcubed.com.starmark"
"anisota.net.beta","117","8","did;collection;rkey;record;time_us;$type;createdAt;lastClaimTime;lastModified;longestStreak;rewardHistory;streak;totalClaims;acquiredAt;commonName;family;genus;lastSeen;quantity;rarity;scientificName;source;sourceDetails;species;specimenData;specimenId;status;abbreviatedName;authorship;description;habitat;id;wingspan;lastOpenTime;packHistory;totalOpens;logRecordUri;attempts;catchProbability;activitySummary;clientVersion;lastActivityAt;platform;sessionContext;startedAt;updatedAt;currentLevel;currentXP;gameActions;pagesVisited;totalEvents;xpGainedThisSession;authenticationMethod;entryPoint;isNewUser;referrer;dailyPacksOpened;feedsLoaded;itemsCollected;levelUps;postsViewed;specimensCollected;cardUri;currentStamina;level;metadata;progressPercentage;relatedLogUris;sessionId;sessionUri;stats;totalXP;triggerSource;xpGainedSinceLastSave;xpToNextLevel;actions;basedOnProgressUri;context;lastPostReadDate;postsReadToday;postsReadTotal;previousLevel;eventType;timestamp;sessionStartedAt;collectionData;gameCardData;gameCardId;parentLogUri;rootLogUri;method;specimenRecordUri;success;timeSinceGeneration;timeSinceViewed;cardType;itemId;inventoryRecordUri;feedContext;feedUri;gameCardCount;postCount;scrollPosition;generationSeed;injectionPosition;cardRarities;cardTypes;gameCardIds;injectionPositions;totalCardsGenerated;itemName;itemType;itemValue;maxStack;stackable;effects;gameCardUri","net.anisota.beta.game.dailyRewards;net.anisota.beta.game.specimen;net.anisota.beta.game.pack;net.anisota.beta.game.collection;net.anisota.beta.game.session;net.anisota.beta.game.progress;net.anisota.beta.game.log;net.anisota.beta.game.inventory","./records/anisota.net.beta"
"anisota.net.feed","30","11","did;collection;rkey;record;time_us;$type;createdAt;description;name;tags;facets;langs;text;updatedAt;list;subject;cid;uri;reply;parent;root;embed;images;external;thumb;title;ref;mimeType;size;$link","net.anisota.feed.list;net.anisota.feed.draft;net.anisota.feed.listItem;net.anisota.feed.repost;net.anisota.feed.post;app.bsky.richtext.facet;app.bsky.richtext.facet#mention;app.bsky.embed.images;blob;app.bsky.embed.external;net.anisota.feed.like","./records/anisota.net.feed"
"anisota.net.game","18","1","did;collection;rkey;record;time_us;$type;aturi;issuer;signedAt;acquiredAt;createdAt;itemId;metadata;quantity;rarity;signatures;test;timestamp","net.anisota.game.inventory","./records/anisota.net.game"
"anisota.net.graph","19","2","did;collection;rkey;record;time_us;$type;createdAt;description;name;purpose;contentTypes;reason;subject;targetFeeds;posts;quotes;replies;reposts;expiresAt","net.anisota.graph.list;net.anisota.graph.mute","./records/anisota.net.graph"
"anisota.net.settings","82","1","did;collection;rkey;record;time_us;$type;behaviorSettings;controlOrder;controlSettings;createdAt;theme;uiSettings;updatedAt;version;anisotaOnlyMode;batchNotificationTypes;batchNotifications;confirmDeletes;confirmDraftSaves;defaultHomePage;defaultPostTarget;filterByFollowerRatio;filterNotificationTypes;filterNotificationsByFollowers;hideReadPosts;hideReposts;maxFollowerCount;minFollowerCount;minFollowerRatio;postDrafts;reverseFeedOrder;soundscape;trackReadPosts;back;delete;feedSwitcher;fetch;flip;forward;fullscreen;like;list;quote;reply;repost;shuffle;noStatsMode;postCardPrimarySlot;postCardSecondarySlot;profileCardPrimarySlot;profileCardSecondarySlot;showAtSymbol;showEngagementLikes;showEngagementQuotes;showEngagementReplies;showEngagementReposts;showPostCardAvatar;showPostCardDisplayName;showPostCardFooter;showPostCardHandle;showPostCardHeader;showPostCount;showPostReadIndicator;showProfileAtSymbol;showProfileCollections;showProfileDisplayName;showProfileFollowers;showProfileFollowing;showProfileHandle;showProfileLexicons;showProfilePosts;showRarityIndicator;showTimestamp;showUsername;follows;likes;mentions;quotes;replies;reposts;feed;profile","net.anisota.settings","./records/anisota.net.settings"
"aoisora.space.bookmark","10","1","did;collection;rkey;record;time_us;$type;cid;createdAt;tags;uri","space.aoisora.bookmark","./records/aoisora.space.bookmark"
"aran.dev.test","8","1","did;collection;rkey;record;time_us;$type;createdAt;text","dev.aran.test","./records/aran.dev.test"
"at-studio.dev.test","22","2","did;collection;rkey;record;time_us;$type;config;createdAt;description;host;lexiconSources;modifiedAt;nsid;body;headers;lexicons;params;repo;actor;label;requests;xrpc","dev.at-studio.test.xrpc.request;dev.at-studio.test.xrpc.collection","./records/at-studio.dev.test"
"at.fo.links","8","1","did;collection;rkey;record;time_us;$type;createdAt;url","fo.at.links","./records/at.fo.links"
"atcities.dev.route","13","2","did;collection;rkey;record;time_us;$type;page;ref;mimeType;size;$link;issue;error","dev.atcities.route;blob","./records/atcities.dev.route"
"atexplore.social.verifiers","8","1","did;collection;rkey;record;time_us;$type;createdAt;uri","social.atexplore.verifiers","./records/atexplore.social.verifiers"
"atmocms.foo.config","0","0","","","./records/atmocms.foo.config"
"atmos.app.videos","0","0","","","./records/atmos.app.videos"
"atp.tools.borgle","7","1","did;collection;rkey;record;time_us;$type;game","tools.atp.borgle.play","./records/atp.tools.borgle"
"atp.tools.typing","18","6","did;collection;rkey;record;time_us;$type;accuracy;consistency;dataPoints;mode;ratio;rawWpm;textPrompted;timeMs;wpm;subMode;source;text","tools.atp.typing.test;tools.atp.typing.test#quoteMode;tools.atp.typing.test#promptedTextWithSource;tools.atp.typing.test#timerMode;tools.atp.typing.test#promptedTextClosed;tools.atp.typing.test#textMode","./records/atp.tools.typing"
"atpage.one.page","11","1","did;collection;rkey;record;time_us;$type;description;links;services;style;title","one.atpage.page","./records/atpage.one.page"
"atpaste.app.paste","8","3","did;collection;rkey;record;time_us;$type;revisions;updatedAt","app.atpaste.paste;app.atpaste.paste#revision;blob","./records/atpaste.app.paste"
"atplane.blue.favClient","7","1","did;collection;rkey;record;time_us;$type;favClient","blue.atplane.favClient","./records/atplane.blue.favClient"
"atprofile.com.beta","10","2","did;collection;rkey;record;time_us;$type;content;context;createdAt;newlinesToLinebreaks","com.atprofile.beta.profile;com.atprofile.beta.profile#contextItem","./records/atprofile.com.beta"
"atproto-nix.org.projects","12","1","did;collection;rkey;record;time_us;$type;category;description;maintainers;name;repoURL;status","org.atproto-nix.projects","./records/atproto-nix.org.projects"
"atproto.at.supporter","11","1","did;collection;rkey;record;time_us;$type;badgeType;createdAt;message;service;version","at.atproto.supporter.badge","./records/atproto.at.supporter"
"atproto.com.label","10","1","did;collection;rkey;record;time_us;$type;cts;src;uri;val","com.atproto.label.defs","./records/atproto.com.label"
"atproto.com.lexicon","217","1","did;collection;rkey;record;time_us;$type;defs;id;lexicon;honkAngry;honkChaotic;honkDefensive;honkHappy;honkInquisitive;honkNoisy;main;description;type;key;properties;required;createdAt;event;signature;signatureKey;subject;format;default;knownValues;palette;theme;accent;background;link;surfaceHover;text;dark;font;light;icon;name;rss;updatedAt;url;ref;accept;blog;body;bodyPlain;cover;images;publishedAt;tags;title;items;basePath;extensions;maxLength;maxSize;closed;refs;locale;comment;lang;maxGraphemes;enum;comments;ogpDescription;ogpImage;ogpTitle;minLength;minGraphemes;detail;detail:lang;permissions;ja-JP;langs;input;output;moderation;encoding;schema;nsid;moderations;verified;media;rating;ratingScale;spoiler;introduction;uris;deletedAt;item;status;de-DE;en;es-ES;fr-FR;pt-BR;category;content;forum;solution;root;value;expiresAt;categoryType;group;title:lang;fr-BE;fr;language;contentTypes;posts;quotes;replies;reposts;reason;targetFeeds;appURL;maintainers;repoURL;optional;location;organizer;social_platform;timeslot;address;contact;bluesky_url;discord_url;farcaster_url;github_url;lens_url;telegram_url;x_url;youtube_url;end_utc;event_uri;start_utc;capacity;categories;event_type;expertise;image_url;main_url;requires_ticket;search_tags;show_time_of_day;socials;sold_out;tickets_url;timeslots;height;maximum;minimum;revision;linearDocumentQuote;replyRef;document;quote;parent;attachment;facets;plaintext;reply;block;position;textAlignCenter;textAlignLeft;textAlignRight;alignment;blocks;offset;end;start;preferences;showComments;showInDiscover;accentBackground;accentText;backgroundColor;backgroundImage;pageBackground;primary;showPageBackground;base_path;additionalInfo;credits;openSourceInfo;privacyStatement;technologyStack;analytics;deployment;purpose;sectionLicense;websiteBirthYear;basedOn;license;relatedServices;repositories;cookiePolicy;services;email;social;cdn;customDomain;platform;author;section;relationship;handle;gameProof;score;actionCount;checksum;duration","com.atproto.lexicon.schema","./records/atproto.com.lexicon"
"atproto.guide.experimental","8","1","did;collection;rkey;record;time_us;$type;entries;name","guide.atproto.experimental.applicationCollection","./records/atproto.guide.experimental"
"atproto.test.blobTest","11","2","did;collection;rkey;record;time_us;$type;media;ref;mimeType;size;$link","test.atproto.blobTest;blob","./records/atproto.test.blobTest"
"atproto.uk.bookmark","9","1","did;collection;rkey;record;time_us;$type;color;items;name","uk.atproto.bookmark.list","./records/atproto.uk.bookmark"
"atpub.me.identity","34","2","did;collection;rkey;record;time_us;$type;createdAt;identifier;proofs;service;name;profileUrl;verificationMethods;profile;format;needProxy;type;url;icon;profileUrlTemplate;homepage;selector;renderFormat;punycode;txt;well-known;path;gist;input;gistIt;note;nevent;attr;updatedAt","me.atpub.identity.claim;me.atpub.identity.service","./records/atpub.me.identity"
"atrena.social.block","16","2","did;collection;rkey;record;time_us;$type;content;createdAt;description;privacy;source;tags;title;format;text;type","social.atrena.block;social.atrena.block#textContent","./records/atrena.social.block"
"atsms.at.x509","0","0","","","./records/atsms.at.x509"
"azsky.app.feed","9","1","did;collection;rkey;record;time_us;$type;communityName;createdAt;text","app.azsky.feed.longpost","./records/azsky.app.feed"
"bad-example.com.hello","6","1","did;collection;rkey;record;time_us;$type","com.bad-example.hello","./records/bad-example.com.hello"
"badge.blue.collection","16","1","did;collection;rkey;record;time_us;$type;badge;issued;proof;cid;description;image;name;uri;k;s","blue.badge.award","./records/badge.blue.collection"
"baileytownsend.dev.health","22","4","did;collection;rkey;record;time_us;$type;burned;createdAt;intake;exercise;exerciseGoal;move;moveGoal;standGoal;standHours;steps;activity;caloriesBurned;distance;duration;endTime;startTime","dev.baileytownsend.health.calories;dev.baileytownsend.health.rings;dev.baileytownsend.health.steps;dev.baileytownsend.health.workout","./records/baileytownsend.dev.health"
"baileytownsend.dev.test","15","1","did;collection;rkey;record;time_us;$type;test;;dict;list;number;nice;createdAt;ThatWorksNow?;ThatWorksNow","dev.baileytownsend.test","./records/baileytownsend.dev.test"
"basker.app.links","12","1","did;collection;rkey;record;time_us;$type;createdAt;icon;order;title;updatedAt;url","app.basker.links","./records/basker.app.links"
"basker.app.notes","9","1","did;collection;rkey;record;time_us;$type;content;createdAt;updatedAt","app.basker.notes","./records/basker.app.notes"
"basker.app.settings","22","1","did;collection;rkey;record;time_us;$type;createdAt;settings;updatedAt;enableAnalytics;isPublic;sectionOrder;showNotes;showStories;theme;accentColor;backgroundColor;fontFamily;layout;name;primaryColor;textColor","app.basker.settings","./records/basker.app.settings"
"basker.app.stories","9","1","did;collection;rkey;record;time_us;$type;createdAt;stories;updatedAt","app.basker.stories","./records/basker.app.stories"
"basker.app.widgets","16","1","did;collection;rkey;record;time_us;$type;config;createdAt;enabled;order;title;type;updatedAt;format;style;timezone","app.basker.widgets","./records/basker.app.widgets"
"basker.com.stories","8","1","did;collection;rkey;record;time_us;$type;createdAt;stories","com.basker.stories","./records/basker.com.stories"
"bibliome.com.book","11","1","did;collection;rkey;record;time_us;$type;addedAt;author;bookshelfRef;isbn;title","com.bibliome.book","./records/bibliome.com.book"
"bibliome.com.bookshelf","12","1","did;collection;rkey;record;time_us;$type;createdAt;description;editedAt;name;openToContributions;privacy","com.bibliome.bookshelf","./records/bibliome.com.bookshelf"
"bibliome.com.comment","10","1","did;collection;rkey;record;time_us;$type;bookRef;bookshelfRef;content;createdAt","com.bibliome.comment","./records/bibliome.com.comment"
"bikesky.app.communityBot","13","4","did;collection;rkey;record;time_us;$type;command;createdAt;post;prompt;labelIdentifiers;verifiedLabelIdentifiers;allow","app.bikesky.communityBot.commandPrompt;app.bikesky.communityBot.labelDefs#labelPrompt;app.bikesky.communityBot.commandPrompt#didListRule;app.bikesky.communityBot.unlabelDefs#unlabelPrompt","./records/bikesky.app.communityBot"
"bluelinks.fyi.links","7","2","did;collection;rkey;record;time_us;$type;links","fyi.bluelinks.links;fyi.bluelinks.links#link","./records/bluelinks.fyi.links"
"bluepocket.org.v1","18","3","did;collection;rkey;record;time_us;$type;byline;createdAt;excerpt;imageHref;lang;publishTime;siteName;textLength;title;url;state;updatedAt","org.bluepocket.v1.archive;org.bluepocket.v1.link;org.bluepocket.v1.save","./records/bluepocket.org.v1"
"bluvy.app.favorites","7","1","did;collection;rkey;record;time_us;$type;posts","app.bluvy.favorites","./records/bluvy.app.favorites"
"bookhive.buzz.book","18","2","did;collection;rkey;record;time_us;$type;authors;cover;createdAt;hiveId;review;stars;status;title;ref;mimeType;size;$link","buzz.bookhive.book;blob","./records/bookhive.buzz.book"
"bookhive.buzz.buzz","12","1","did;collection;rkey;record;time_us;$type;book;comment;createdAt;parent;cid;uri","buzz.bookhive.buzz","./records/bookhive.buzz.buzz"
"bookmark.a.on","13","1","did;collection;rkey;record;time_us;$type;createdAt;name;tags;text;uri;url;Link-back","a.bookmark.on.my.pds","./records/bookmark.a.on"
"bookmark.user.feed","9","1","did;collection;rkey;record;time_us;$type;category;createdAt;uri","user.bookmark.feed.public","./records/bookmark.user.feed"
"bsky-art-platform.com.art","14","2","did;collection;rkey;record;time_us;$type;createdAt;images;license;metadata;platform;text;inspiration;timeSpent","com.bsky-art-platform.art;blob","./records/bsky-art-platform.com.art"
"bsky.social.burlybelly","0","0","","","./records/bsky.social.burlybelly"
"bskygold.app.actor","0","0","","","./records/bskygold.app.actor"
"bskymark.app.bookmark","10","1","did;collection;rkey;record;time_us;$type;actor_did;actor_handle;created_at;post_uri","app.bskymark.bookmark","./records/bskymark.app.bookmark"
"bucket.social.can","16","1","did;collection;rkey;record;time_us;$type;createdAt;current;key;updatedAt;versioningEnabled;versions;cid;mimeType;size;uploadedAt","social.bucket.can.mapping","./records/bucket.social.can"
"cabildoabierto.ar.actor","7","1","did;collection;rkey;record;time_us;$type;createdAt","ar.cabildoabierto.actor.caProfile","./records/cabildoabierto.ar.actor"
"cabildoabierto.ar.data","11","3","did;collection;rkey;record;time_us;$type;columns;createdAt;data;description;name","ar.cabildoabierto.data.dataset;ar.cabildoabierto.data.dataset#dataBlock;blob","./records/cabildoabierto.ar.data"
"cabildoabierto.ar.feed","17","6","did;collection;rkey;record;time_us;$type;createdAt;embeds;format;labels;text;title;values;ref;mimeType;size;$link","ar.cabildoabierto.feed.article;com.atproto.label.defs#selfLabels;blob;ar.cabildoabierto.feed.article#articleEmbed;app.bsky.embed.images;app.bsky.embed.images#image","./records/cabildoabierto.ar.feed"
"cabildoabierto.ar.wiki","14","6","did;collection;rkey;record;time_us;$type;createdAt;subject;cid;uri;format;id;message;props","ar.cabildoabierto.wiki.voteAccept;ar.cabildoabierto.wiki.topicVersion;ar.cabildoabierto.wiki.topicVersion#topicProp;ar.cabildoabierto.wiki.topicVersion#stringListProp;ar.cabildoabierto.wiki.topicVersion#stringProp;ar.cabildoabierto.wiki.topicVersion#dateProp","./records/cabildoabierto.ar.wiki"
"caonus.org.pokemon","0","0","","","./records/caonus.org.pokemon"
"catalog.works.album","16","2","did;collection;rkey;record;time_us;$type;albumType;artist;barcode;externalIds;recordLabel;releaseDate;title;year;name;uri","works.catalog.album;works.catalog.externalid","./records/catalog.works.album"
"catalog.works.artist","9","2","did;collection;rkey;record;time_us;$type;bio;externalIds;name","works.catalog.artist;works.catalog.externalid","./records/catalog.works.artist"
"catalog.works.nowPlaying","16","1","did;collection;rkey;record;time_us;$type;duration;expiresAt;private;startedAt;timestamp;track;artist;title;uri;name","works.catalog.nowPlaying","./records/catalog.works.nowPlaying"
"catalog.works.scrobble","15","1","did;collection;rkey;record;time_us;$type;timestamp;track;artist;title;name;mood;rating;duration;uri","works.catalog.scrobble","./records/catalog.works.scrobble"
"catalog.works.track","14","2","did;collection;rkey;record;time_us;$type;album;artist;duration;externalIds;title;year;uri;name","works.catalog.track;works.catalog.externalid","./records/catalog.works.track"
"cerulea.blue.video","12","2","did;collection;rkey;record;time_us;$type;title;video;ref;mimeType;size;$link","blue.cerulea.video.video;blob","./records/cerulea.blue.video"
"chaoticharmonylabs.org.orbits","0","0","","","./records/chaoticharmonylabs.org.orbits"
"cityboundforest.com.blog","9","1","did;collection;rkey;record;time_us;$type;content;createdAt;title","com.cityboundforest.blog","./records/cityboundforest.com.blog"
"clippr.social.actor","14","2","did;collection;rkey;record;time_us;$type;avatar;createdAt;description;displayName;ref;mimeType;size;$link","social.clippr.actor.profile;blob","./records/clippr.social.actor"
"clippr.social.feed","17","3","did;collection;rkey;record;time_us;$type;createdAt;description;languages;notes;tags;title;unlisted;unread;url;color;name","social.clippr.feed.clip;com.atproto.repo.strongRef;social.clippr.feed.tag","./records/clippr.social.feed"
"clj.m1.test","0","0","","","./records/clj.m1.test"
"com.ar.cabildoabierto","16","3","did;collection;rkey;record;time_us;$type;categories;createdAt;format;id;message;text;ref;mimeType;size;$link","ar.com.cabildoabierto.topic;blob;ar.com.cabildoabierto.profile","./records/com.ar.cabildoabierto"
"cool.sophspots.thing","8","1","did;collection;rkey;record;time_us;$type;createdAt;status","sophspots.cool.thing","./records/cool.sophspots.thing"
"cosmik.network.card","22","4","did;collection;rkey;record;time_us;$type;content;createdAt;type;url;text;metadata;description;imageUrl;retrievedAt;siteName;title;author;publishedDate;originalCard;cid;uri","network.cosmik.card;network.cosmik.card#noteContent;network.cosmik.card#urlContent;network.cosmik.card#urlMetadata","./records/cosmik.network.card"
"cosmik.network.collection","12","1","did;collection;rkey;record;time_us;$type;accessType;collaborators;createdAt;name;updatedAt;description","network.cosmik.collection","./records/cosmik.network.collection"
"cosmik.network.collectionLink","13","1","did;collection;rkey;record;time_us;$type;addedAt;addedBy;card;createdAt;originalCard;cid;uri","network.cosmik.collectionLink","./records/cosmik.network.collectionLink"
"crabdance.com.nandi","13","1","did;collection;rkey;record;time_us;$type;content;createdAt;published;tags;title;updatedAt;summary","com.crabdance.nandi.post","./records/crabdance.com.nandi"
"custom.app.beeschurger","7","1","did;collection;rkey;record;time_us;$type;bees","app.custom.beeschurger","./records/custom.app.beeschurger"
"custom.app.lolol","11","1","did;collection;rkey;record;time_us;$type;createdAt;subject;cid;uri;folder","app.custom.lolol","./records/custom.app.lolol"
"cwonus.org.pokemon","0","0","","","./records/cwonus.org.pokemon"
"cybernetic.beauty.trustcow","12","1","did;collection;rkey;record;time_us;$type;createdAt;serviceConsumerDid;serviceProviderDid;transactionId;serviceConsumer;serviceProvider","beauty.cybernetic.trustcow.transaction","./records/cybernetic.beauty.trustcow"
"dame.is.counting","11","1","did;collection;rkey;record;time_us;$type;answer;location;observedAt;turtleCount;weatherCondition","is.dame.counting.turtles","./records/dame.is.counting"
"dame.is.now","8","1","did;collection;rkey;record;time_us;$type;createdAt;status","is.dame.now","./records/dame.is.now"
"dame.is.s","27","1","did;collection;rkey;record;time_us;$type;battery;createdAt;currentApp;deviceDetails;state;charging;connected;level;model;os;version;appearance;brightness;cellularBars;cellularNetwork;focus;locked;motion;orientation;volume;wifi","is.dame.s.iphone.okay","./records/dame.is.s"
"deepl.app.profile","7","1","did;collection;rkey;record;time_us;$type;preferredTargetLang","app.deepl.profile","./records/deepl.app.profile"
"delicio.us.bookmark","12","1","did;collection;rkey;record;time_us;$type;createdAt;description;private;tags;title;url","us.delicio.bookmark","./records/delicio.us.bookmark"
"devcon.org.event","36","1","did;collection;rkey;record;time_us;$type;capacity;categories;description;end_utc;event_type;expertise;image_url;location;main_url;organizer;requires_ticket;search_tags;show_time_of_day;socials;sold_out;start_utc;title;address;name;contact;bluesky_url;discord_url;farcaster_url;github_url;lens_url;telegram_url;x_url;youtube_url;tickets_url;timeslots","org.devcon.event","./records/devcon.org.event"
"doing.network.activity","29","2","did;collection;rkey;record;time_us;$type;activityType;averageSpeed;createdAt;distance;duration;elevationGain;elevationLoss;finishedAt;maxElevation;maxSpeed;minElevation;name;processedData;processingError;startedAt;state;trackFile;updatedAt;ref;mimeType;size;$link;description","network.doing.activity;blob","./records/doing.network.activity"
"dracoblue.net.poing","7","2","did;collection;rkey;record;time_us;$type;createdAt","net.dracoblue.poing.ping;net.dracoblue.poing.pong","./records/dracoblue.net.poing"
"dropanchor.app.checkin","18","3","did;collection;rkey;record;time_us;$type;createdAt;locations;text;addressRef;category;categoryGroup;categoryIcon;coordinates;cid;uri;latitude;longitude","app.dropanchor.checkin;community.lexicon.location.geo;community.lexicon.location.address","./records/dropanchor.app.checkin"
"eagraf.dev.note","9","1","did;collection;rkey;record;time_us;$type;createdAt;text;note","dev.eagraf.note","./records/eagraf.dev.note"
"essem.space.file","17","1","did;collection;rkey;record;time_us;$type;contents;createdAt;esmlick_transparent.gif;generation-x.xm.ogg;more;parent;cooldir;crouton.png;index.html;laamaa_-_after_dark.it;laamaa_-_after_dark.it.ogg","space.essem.file.dir","./records/essem.space.file"
"ewancroft.uk.now","8","1","did;collection;rkey;record;time_us;$type;createdAt;text","uk.ewancroft.now","./records/ewancroft.uk.now"
"ewancroft.uk.site","27","1","did;collection;rkey;record;time_us;$type;additionalInfo;credits;openSourceInfo;privacyStatement;technologyStack;analytics;deployment;purpose;sectionLicense;websiteBirthYear;basedOn;description;license;relatedServices;repositories;cookiePolicy;services;customDomain;platform;name;url","uk.ewancroft.site.info","./records/ewancroft.uk.site"
"ewancroft.uk.snake","8","1","did;collection;rkey;record;time_us;$type;createdAt;score","uk.ewancroft.snake.score","./records/ewancroft.uk.snake"
"example.com.atpwg","8","1","did;collection;rkey;record;time_us;$type;createdAt;publicKey","com.example.atpwg.publicKey","./records/example.com.atpwg"
"example.com.blobtest","0","0","","","./records/example.com.blobtest"
"example.com.foo","7","1","did;collection;rkey;record;time_us;$type;text","app.bsky.feed.post","./records/example.com.foo"
"example.com.ft","19","3","did;collection;rkey;record;time_us;$type;createdAt;forum;langs;text;title;reply;parent;root;cid;uri;reactionEmoji;subject;footer","com.example.ft.topic.post;com.example.ft.topic.reaction;com.example.ft.user.profile","./records/example.com.ft"
"example.com.lexicons","7","1","did;collection;rkey;record;time_us;$type;createdAt","com.example.lexicons","./records/example.com.lexicons"
"example.com.test","16","3","did;collection;rkey;record;time_us;$type;createdAt;embed;facets;langs;reply;text;parent;root;cid;uri","com.example.test.esav;app.bsky.embed.record;app.bsky.richtext.facet#link","./records/example.com.test"
"example.test.counter","13","1","did;collection;rkey;record;time_us;$type;activeCounterId;counters;metadata;source;timestamp;userAgent;version","test.example.counter","./records/example.test.counter"
"fadeecho.com.loggedIn","9","1","did;collection;rkey;record;time_us;$type;date;loginCount;streak","com.fadeecho.loggedIn","./records/fadeecho.com.loggedIn"
"fadeecho.com.status","28","1","did;collection;rkey;record;time_us;$type;achievements;bestScore;highestLevel;lastSaved;level;levelBests;saveReason;score;sessionId;streak;2;3;4;5;1;6;7;8;9;10;11;12","com.fadeecho.status","./records/fadeecho.com.status"
"fail.tree.identity","0","0","","","./records/fail.tree.identity"
"feeds.blue.hashtag","8","1","did;collection;rkey;record;time_us;$type;tag;createdAt","blue.feeds.hashtag.follow","./records/feeds.blue.hashtag"
"feeed.club.submission","8","1","did;collection;rkey;record;time_us;$type;feed;post","club.feeed.submission","./records/feeed.club.submission"
"flashes.app.feed","11","3","did;collection;rkey;record;time_us;$type;createdAt;tags;text;embed;images","app.flashes.feed.post;app.flashes.feed.post#embedImages;blob","./records/flashes.app.feed"
"flashes.blue.actor","21","3","did;collection;rkey;record;time_us;$type;createdAt;filter;filterType;sortOrder;subject;cid;uri;allowRawDownload;enablePortfolio;mediaLayout;portfolioLayout;showFeeds;showLikes;showLists;showMedia","blue.flashes.actor.mediaFilter;blue.flashes.actor.portfolio;blue.flashes.actor.profile","./records/flashes.blue.actor"
"flashes.blue.feed","8","1","did;collection;rkey;record;time_us;$type;createdAt;childrenPostURIs","blue.flashes.feed.post","./records/flashes.blue.feed"
"flatshcards.xyz.stack","10","1","did;collection;rkey;record;time_us;$type;backLang;createdAt;frontLang;label","xyz.flatshcards.stack","./records/flatshcards.xyz.stack"
"flock.chat.experimental","10","2","did;collection;rkey;record;time_us;$type;createdAt;cssChanges;flock;text","chat.flock.experimental.customview;chat.flock.experimental.message","./records/flock.chat.experimental"
"flushing.im.right","9","1","did;collection;rkey;record;time_us;$type;createdAt;emoji;text","im.flushing.right.now","./records/flushing.im.right"
"freakybob.site.visited","8","1","did;collection;rkey;record;time_us;$type;url;visitedAt","site.freakybob.visited","./records/freakybob.site.visited"
"fudgeu.dev.experimental","17","4","did;collection;rkey;record;time_us;$type;accent;description;name;content;createdAt;title;category;forum;tags;categoryType;group","dev.fudgeu.experimental.atforumv1.forum.identity;dev.fudgeu.experimental.atforumv1.feed.post;dev.fudgeu.experimental.atforumv1.forum.group;dev.fudgeu.experimental.atforumv1.forum.category","./records/fudgeu.dev.experimental"
"fujocoded.com.guestbook","11","3","did;collection;rkey;record;time_us;$type;title;createdAt;postedTo;text;hiddenSubmissions","com.fujocoded.guestbook.book;com.fujocoded.guestbook.submission;com.fujocoded.guestbook.gate","./records/fujocoded.com.guestbook"
"gainforest.app.community","14","1","did;collection;rkey;record;time_us;$type;bio;createdAt;firstName;id;lastName;projectId;title;updatedAt","app.gainforest.community","./records/gainforest.app.community"
"gainforest.app.organization","7","1","did;collection;rkey;record;time_us;$type;site","app.gainforest.organization.defaultSite","./records/gainforest.app.organization"
"gainforest.app.profile","13","1","did;collection;rkey;record;time_us;$type;createdAt;description;hectares;location;objective;organizationAffiliation;updatedAt","app.gainforest.profile","./records/gainforest.app.profile"
"gainforest.app.status","0","0","","","./records/gainforest.app.status"
"gainforest.com.testing","8","1","did;collection;rkey;record;time_us;$type;confirmed;satyam","com.gainforest.testing.something","./records/gainforest.com.testing"
"gather.app.comment","11","1","did;collection;rkey;record;time_us;$type;author;content;createdAt;event;root","app.gather.comment","./records/gather.app.comment"
"gather.app.event","24","1","did;collection;rkey;record;time_us;$type;createdAt;description;endTime;host;location;maxAttendees;media;privacy;startTime;tags;title;address;name;imageCredit;imageUrl;photographer;photographer_username;unsplash_id","app.gather.event","./records/gather.app.event"
"gather.app.group","22","1","did;collection;rkey;record;time_us;$type;banner;createdAt;description;host;imageCredit;imageUrl;level;locationRestriction;name;privacy;slug;tags;photographer;photographer_username;unsplash_id;state","app.gather.group","./records/gather.app.group"
"gather.app.groupMembership","11","1","did;collection;rkey;record;time_us;$type;group;joinedAt;member;role;status","app.gather.groupMembership","./records/gather.app.groupMembership"
"gather.app.rsvp","14","1","did;collection;rkey;record;time_us;$type;attendee;dietaryRestrictions;event;plusOne;status;timestamp;transportNeed;visibility","app.gather.rsvp","./records/gather.app.rsvp"
"gaze.systems.atfronter","8","1","did;collection;rkey;record;time_us;$type;members;subject","systems.gaze.atfronter.fronter","./records/gaze.systems.atfronter"
"geesawra.industries.website","9","2","did;collection;rkey;record;time_us;$type;content;embeds;title","industries.geesawra.website;blob","./records/geesawra.industries.website"
"gemmy.com.actor","8","1","did;collection;rkey;record;time_us;$type;favoriteMint;updatedAt","com.gemmy.actor.favoriteToken","./records/gemmy.com.actor"
"gemmy.com.favorite","8","1","did;collection;rkey;record;time_us;$type;createdAt;mintAddress","com.gemmy.favorite.token","./records/gemmy.com.favorite"
"germnetwork.com.keypackage","7","1","did;collection;rkey;record;time_us;$type;anchorHello","com.germnetwork.keypackage","./records/germnetwork.com.keypackage"
"github.io.yourusername","0","0","","","./records/github.io.yourusername"
"grain.social.actor","13","2","did;collection;rkey;record;time_us;$type;avatar;description;displayName;ref;mimeType;size;$link","social.grain.actor.profile;blob","./records/grain.social.actor"
"grain.social.comment","20","4","did;collection;rkey;record;time_us;$type;createdAt;replyTo;subject;text;focus;alt;aspectRatio;cid;fullsize;thumb;uri;height;width;facets","social.grain.comment;app.bsky.richtext.facet;app.bsky.richtext.facet#mention;app.bsky.richtext.facet#tag","./records/grain.social.comment"
"grain.social.favorite","8","1","did;collection;rkey;record;time_us;$type;createdAt;subject","social.grain.favorite","./records/grain.social.favorite"
"grain.social.gallery","14","3","did;collection;rkey;record;time_us;$type;createdAt;description;facets;title;updatedAt;gallery;item;position","social.grain.gallery;app.bsky.richtext.facet#tag;social.grain.gallery.item","./records/grain.social.gallery"
"grain.social.graph","8","1","did;collection;rkey;record;time_us;$type;createdAt;subject","social.grain.graph.follow","./records/grain.social.graph"
"grain.social.photo","26","3","did;collection;rkey;record;time_us;$type;createdAt;dateTimeOriginal;exposureTime;fNumber;flash;focalLengthIn35mmFormat;iSO;lensMake;lensModel;make;model;photo;aspectRatio;height;width;ref;mimeType;size;$link;alt","social.grain.photo.exif;social.grain.photo;blob","./records/grain.social.photo"
"graph.community.follow","8","1","did;collection;rkey;record;time_us;$type;createdAt;subject","community.graph.follow","./records/graph.community.follow"
"grayhaze.live.actor","6","1","did;collection;rkey;record;time_us;$type","live.grayhaze.actor.channel","./records/grayhaze.live.actor"
"gridsky.app.draft","10","2","did;collection;rkey;record;time_us;$type;draft;media;text;id","app.gridsky.draft;blob","./records/gridsky.app.draft"
"gridsky.app.grid","7","1","did;collection;rkey;record;time_us;$type;list","app.gridsky.grid","./records/gridsky.app.grid"
"gridsky.app.preferences","16","1","did;collection;rkey;record;time_us;$type;animation;theme;colors;enabled;showBannerInstead;backgroundTone;colorPrimary;dark;name;variant","app.gridsky.preferences","./records/gridsky.app.preferences"
"habitat.com.docs","8","1","did;collection;rkey;record;time_us;$type;blob;name","com.habitat.docs","./records/habitat.com.docs"
"hayden.moe.blogi","8","1","did;collection;rkey;record;time_us;$type;createdAt;displayName","moe.hayden.blogi.actor.profile","./records/hayden.moe.blogi"
"hayden.moe.cookware","0","0","","","./records/hayden.moe.cookware"
"henry.ink.annotate","14","3","did;collection;rkey;record;time_us;$type;createdAt;name;note;subject;trail;title;uri;cid","ink.henry.annotate.trail;ink.henry.annotate.mark;com.atproto.repo.strongRef","./records/henry.ink.annotate"
"henry.ink.feed","0","0","","","./records/henry.ink.feed"
"honks.app.feed","12","1","did;collection;rkey;record;time_us;$type;createdAt;event;signature;signatureKey;subject;$bytes","app.honks.feed.honk","./records/honks.app.feed"
"hop.io.dedyn","0","0","","","./records/hop.io.dedyn"
"hrkn.net.personas","12","2","did;collection;rkey;record;time_us;$type;createdAt;isPublic;note;subject;cid;uri","net.hrkn.personas.bookmark;com.atproto.repo.strongRef","./records/hrkn.net.personas"
"hyper-limit.app.bookmark","23","2","did;collection;rkey;record;time_us;$type;createdAt;name;visibility;icon;permissions;pinned;updatedAt;canAdd;archived;description;encrypted;imageUrl;listUris;title;url;tags;summary","app.hyper-limit.bookmark.list;app.hyper-limit.bookmark","./records/hyper-limit.app.bookmark"
"hypercert.com.walletAttestationTest","8","1","did;collection;rkey;record;time_us;$type;address;attestation","com.hypercert.walletAttestationTest","./records/hypercert.com.walletAttestationTest"
"hypercert.com.walletPasskeyTest","7","1","did;collection;rkey;record;time_us;$type;address","com.hypercert.walletPasskeyTest","./records/hypercert.com.walletPasskeyTest"
"hyperspace.xyz.status","0","0","","","./records/hyperspace.xyz.status"
"hypersphere.xyz.status","8","1","did;collection;rkey;record;time_us;$type;createdAt;status","xyz.hypersphere.status","./records/hypersphere.xyz.status"
"hypgen.ai.hypothesis","18","1","did;collection;rkey;record;time_us;$type;createdAt;critique;feasibility;hypothesis;id;impact;novelty;subgraphId;summary;title;url;urlId","ai.hypgen.hypothesis","./records/hypgen.ai.hypothesis"
"imlunahey.com.pdf","11","2","did;collection;rkey;record;time_us;$type;pdf;ref;mimeType;size;$link","com.imlunahey.pdf;blob","./records/imlunahey.com.pdf"
"impactindexer.org.status","19","1","did;collection;rkey;record;time_us;$type;annualBudget;categories;createdAt;description;displayName;fundingGivenOut;fundingReceived;geographicDistribution;impactMetrics;sustainableRevenuePercent;teamSize;updatedAt;website","org.impactindexer.status","./records/impactindexer.org.status"
"impro.social.endorsement","9","1","did;collection;rkey;record;time_us;$type;createdAt;service;subject","social.impro.endorsement","./records/impro.social.endorsement"
"impro.social.managedList","8","1","did;collection;rkey;record;time_us;$type;createdAt;uri","social.impro.managedList","./records/impro.social.managedList"
"impro.social.nodeRegistration","8","1","did;collection;rkey;record;time_us;$type;createdAt;service","social.impro.nodeRegistration","./records/impro.social.nodeRegistration"
"impro.social.nodeStatus","0","0","","","./records/impro.social.nodeStatus"
"impro.social.vibeCheck","0","0","","","./records/impro.social.vibeCheck"
"indexx.dev.echo","8","1","did;collection;rkey;record;time_us;$type;createdAt;uri","dev.indexx.echo.threadmute","./records/indexx.dev.echo"
"indexx.dev.papertrail","24","3","did;collection;rkey;record;time_us;$type;book;owned;progress;progress_type;status;authors;cover;created_at;description;field_sources;identifiers;published;source_id;title;ref;mimeType;size;$link","dev.indexx.papertrail.book;dev.indexx.papertrail.bookDefs;blob","./records/indexx.dev.papertrail"
"inkreaders.com.article","12","1","did;collection;rkey;record;time_us;$type;article;createdAt;text;source;title;url","com.inkreaders.article.post","./records/inkreaders.com.article"
"inkreaders.com.book","16","1","did;collection;rkey;record;time_us;$type;book;createdAt;progress;rating;text;authors;isbn10;isbn13;link;title","com.inkreaders.book.post","./records/inkreaders.com.book"
"inkreaders.com.exercise","17","1","did;collection;rkey;record;time_us;$type;allowRemix;createdAt;format;meta;questions;title;difficulty;language;source;topic;type","com.inkreaders.exercise.post","./records/inkreaders.com.exercise"
"j4ck.xyz.status","8","1","did;collection;rkey;record;time_us;$type;j4ck-main-content;content","xyz.j4ck.status","./records/j4ck.xyz.status"
"jaennaet.fi.test","12","2","did;collection;rkey;record;time_us;$type;createdAt;embed;ref;mimeType;size;$link","fi.jaennaet.test;blob","./records/jaennaet.fi.test"
"jeroba.xyz.tags","9","2","did;collection;rkey;record;time_us;$type;title;description;tag","xyz.jeroba.tags.tag;xyz.jeroba.tags.tagged","./records/jeroba.xyz.tags"
"juli.ee.test","0","0","","","./records/juli.ee.test"
"juttu.app.blogpost","10","1","did;collection;rkey;record;time_us;$type;subject;url;cid;uri","app.juttu.blogpost","./records/juttu.app.blogpost"
"karashiiro.moe.kpaste","15","2","did;collection;rkey;record;time_us;$type;content;createdAt;language;title;updatedAt;ref;mimeType;size;$link","moe.karashiiro.kpaste.paste;blob","./records/karashiiro.moe.kpaste"
"koda.app.feed","19","8","did;collection;rkey;record;time_us;$type;createdAt;subject;text;cid;uri;contentHtml;coverImageUrl;excerpt;title;embed;images;root;vote","app.koda.feed.post.reply;app.koda.feed.post;app.koda.feed.blog;app.koda.embed.images;blob;app.koda.feed.like;app.koda.feed.repost;app.koda.feed.replyvote","./records/koda.app.feed"
"koda.app.graph","8","1","did;collection;rkey;record;time_us;$type;createdAt;subject","app.koda.graph.follow","./records/koda.app.graph"
"kollective.app.catalog","0","0","","","./records/kollective.app.catalog"
"kollective.app.follow","0","0","","","./records/kollective.app.follow"
"kollective.app.image","0","0","","","./records/kollective.app.image"
"kollective.app.profile","0","0","","","./records/kollective.app.profile"
"kollective.app.settings","0","0","","","./records/kollective.app.settings"
"leaflet.pub.comment","19","5","did;collection;rkey;record;time_us;$type;createdAt;facets;plaintext;subject;reply;parent;attachment;document;quote;end;start;block;offset","pub.leaflet.comment;pub.leaflet.comment#linearDocumentQuote;pub.leaflet.richtext.facet#link;pub.leaflet.richtext.facet#bold;pub.leaflet.richtext.facet#italic","./records/leaflet.pub.comment"
"leaflet.pub.document","18","23","did;collection;rkey;record;time_us;$type;author;description;pages;postRef;publication;publishedAt;title;cid;commit;uri;validationStatus;rev","pub.leaflet.document;pub.leaflet.pages.linearDocument;pub.leaflet.pages.linearDocument#block;pub.leaflet.blocks.text;pub.leaflet.richtext.facet#bold;pub.leaflet.richtext.facet#italic;pub.leaflet.richtext.facet#highlight;pub.leaflet.blocks.bskyPost;pub.leaflet.richtext.facet#link;pub.leaflet.blocks.horizontalRule;pub.leaflet.blocks.unorderedList;pub.leaflet.blocks.unorderedList#listItem;pub.leaflet.blocks.header;pub.leaflet.blocks.blockquote;pub.leaflet.blocks.website;blob;pub.leaflet.blocks.image;pub.leaflet.richtext.facet#underline;pub.leaflet.blocks.iframe;pub.leaflet.richtext.facet#strikethrough;pub.leaflet.blocks.code;pub.leaflet.richtext.facet#code;pub.leaflet.blocks.math","./records/leaflet.pub.document"
"leaflet.pub.graph","7","1","did;collection;rkey;record;time_us;$type;publication","pub.leaflet.graph.subscription","./records/leaflet.pub.graph"
"leaflet.pub.publication","31","5","did;collection;rkey;record;time_us;$type;base_path;description;icon;name;preferences;theme;ref;mimeType;size;showComments;showInDiscover;accentBackground;accentText;backgroundColor;pageBackground;primary;showPageBackground;$link;b;g;r;a;backgroundImage;image;repeat","pub.leaflet.publication;blob;pub.leaflet.theme.color#rgb;pub.leaflet.theme.color#rgba;pub.leaflet.theme.backgroundImage","./records/leaflet.pub.publication"
"lele.app.flight","12","1","did;collection;rkey;record;time_us;$type;airline;arrivalUtc;createdAt;departureUtc;destination;origin","app.lele.flight","./records/lele.app.flight"
"lexicon.community.atpublish","13","1","did;collection;rkey;record;time_us;$type;createdAt;langs;markdown;mdVersion;path;previewPlain;title","community.lexicon.atpublish.mdpost","./records/lexicon.community.atpublish"
"lexicon.community.badge","11","2","did;collection;rkey;record;time_us;$type;badge;issued;signatures;cid;uri","community.lexicon.badge.award;com.atproto.repo.strongRef","./records/lexicon.community.badge"
"lexicon.community.bookmark","10","1","did;collection;rkey;record;time_us;$type;createdAt;subject;cid;uri","community.lexicon.bookmark","./records/lexicon.community.bookmark"
"lexicon.community.bookmarks","10","1","did;collection;rkey;record;time_us;$type;createdAt;subject;tags;title","community.lexicon.bookmarks.bookmark","./records/lexicon.community.bookmarks"
"lexicon.community.calendar","23","5","did;collection;rkey;record;time_us;$type;createdAt;status;subject;cid;uri;signatures;author;eventTitle;eventUri;text;description;locations;mode;name;startsAt;endsAt;uris","community.lexicon.calendar.rsvp;community.lexicon.attestation.signature;community.lexicon.calendar.comment;community.lexicon.calendar.event;community.lexicon.calendar.event#uri","./records/lexicon.community.calendar"
"lexicon.community.interaction","10","1","did;collection;rkey;record;time_us;$type;createdAt;subject;cid;uri","community.lexicon.interaction.like","./records/lexicon.community.interaction"
"lexicon.community.lexicons","0","0","","","./records/lexicon.community.lexicons"
"lexicon.community.location","37","8","did;collection;rkey;record;time_us;$type;locality;name;postalCode;region;country;street;defs;id;lexicon;main;description;properties;type;value;_lexicon_store_authority_did;_lexicon_store_captured_at;_lexicon_store_indexed_at;_lexicon_store_lexicon_tid;_lexicon_store_nsid;_lexicon_store_operation;_lexicon_store_source_did;_lexicon_store_uri;_lexicon_store_verification_error;_lexicon_store_verified;_lexicon_store_verified_at;altitude;latitude;longitude;fsq_place_id;maxLength;minLength","community.lexicon.location.address;community.lexicon.location.hthree;community.lexicon.location.hthree.history;community.lexicon.location.geo;community.lexicon.location.geo.history;community.lexicon.location.fsq;community.lexicon.location.fsq.history;community.lexicon.location.address.history","./records/lexicon.community.location"
"lfs-pds.com.pointer","14","1","did;collection;rkey;record;time_us;$type;createdAt;mime;sha256;size;url;cid;filename;updatedAt","com.lfs-pds.pointer","./records/lfs-pds.com.pointer"
"limeleaf.com.fountain","0","0","","","./records/limeleaf.com.fountain"
"limeleaf.com.tap","0","0","","","./records/limeleaf.com.tap"
"limeleaf.net.tap","0","0","","","./records/limeleaf.net.tap"
"linkat.blue.board","7","1","did;collection;rkey;record;time_us;$type;cards","blue.linkat.board","./records/linkat.blue.board"
"linkbio.app.link","12","1","did;collection;rkey;record;time_us;$type;createdAt;description;isDropdown;label;sortOrder;url","app.linkbio.link","./records/linkbio.app.link"
"linkbio.app.links","9","1","did;collection;rkey;record;time_us;$type;createdAt;links;updatedAt","app.linkbio.links","./records/linkbio.app.links"
"linkbio.app.notes","8","1","did;collection;rkey;record;time_us;$type;createdAt;notes","app.linkbio.notes","./records/linkbio.app.notes"
"linkbio.app.profileCustomization","11","1","did;collection;rkey;record;time_us;$type;createdAt;id;updatedAt;userId;widgetPreferences","app.linkbio.profileCustomization","./records/linkbio.app.profileCustomization"
"linkbio.app.profileNote","10","1","did;collection;rkey;record;time_us;$type;content;createdAt;daysToExpire;title","app.linkbio.profileNote","./records/linkbio.app.profileNote"
"linkbio.app.settings","10","1","did;collection;rkey;record;time_us;$type;createdAt;settings;updatedAt;sectionOrder","app.linkbio.settings","./records/linkbio.app.settings"
"linkbio.app.stories","9","1","did;collection;rkey;record;time_us;$type;createdAt;stories;updatedAt","app.linkbio.stories","./records/linkbio.app.stories"
"lukeacl.com.bot","7","1","did;collection;rkey;record;time_us;$type;animal","com.lukeacl.bot.animal.assignment","./records/lukeacl.com.bot"
"lukeacl.com.development","12","2","did;collection;rkey;record;time_us;$type;blob;createdAt;ref;mimeType;size;$link","com.lukeacl.development.blobs;blob","./records/lukeacl.com.development"
"m1emi1em.dev.blog","0","0","","","./records/m1emi1em.dev.blog"
"marketplace.com.listing","20","2","did;collection;rkey;record;time_us;$type;allowMessages;category;condition;createdAt;crossPostedTo;description;featured;location;price;status;title;viewCount;zipCode;images","com.marketplace.listing;blob","./records/marketplace.com.listing"
"meow.meow.meow","7","1","did;collection;rkey;record;time_us;$type;text","meow.meow.meow.meow","./records/meow.meow.meow"
"mewsse.pet.link","0","0","","","./records/mewsse.pet.link"
"mikchan.dev.atfs","12","3","did;collection;rkey;record;time_us;$type;data;meta;$bytes;name;root;owner","dev.mikchan.atfs.data;blob;dev.mikchan.atfs.bookmark","./records/mikchan.dev.atfs"
"mmatt.net.right","9","1","did;collection;rkey;record;time_us;$type;createdAt;emoji;text","net.mmatt.right.now","./records/mmatt.net.right"
"musicscrobbler.app.scrobble","13","1","did;collection;rkey;record;time_us;$type;album;artist;duration;loved;scrobbledAt;tags;track","app.musicscrobbler.scrobble","./records/musicscrobbler.app.scrobble"
"myclient.app.bookmark","10","1","did;collection;rkey;record;time_us;$type;createdAt;subject;cid;uri","app.myclient.bookmark","./records/myclient.app.bookmark"
"mygame.com.action","16","1","did;collection;rkey;record;time_us;$type;actionType;target;timestamp;metadata;hp;inventory;level;location;xp;zone","com.mygame.action","./records/mygame.com.action"
"navyfragen.app.message","9","1","did;collection;rkey;record;time_us;$type;createdAt;message;recipient","app.navyfragen.message","./records/navyfragen.app.message"
"nel.pet.testrecord","8","1","did;collection;rkey;record;time_us;$type;createdAt;testValue","pet.nel.testrecord","./records/nel.pet.testrecord"
"netlify.app.aniblue","7","1","did;collection;rkey;record;time_us;$type;status","app.netlify.aniblue.status","./records/netlify.app.aniblue"
"newdin.com.read","7","1","did;collection;rkey;record;time_us;$type;keys","com.newdin.read.thread","./records/newdin.com.read"
"nexus.sc.feed","11","6","did;collection;rkey;record;time_us;$type;createdAt;embed;facets;text;items","sc.nexus.feed.post;sc.nexus.embed.media;sc.nexus.embed.media#item;sc.nexus.embed.image;sc.nexus.embed.defs#aspectRatio;blob","./records/nexus.sc.feed"
"ngerakines.me.test","7","1","did;collection;rkey;record;time_us;$type;createdAt","me.ngerakines.test","./records/ngerakines.me.test"
"nkp.pet.file","10","1","did;collection;rkey;record;time_us;$type;filename;mime;pointerUri;size","pet.nkp.file","./records/nkp.pet.file"
"nornoe.net.avatarArchive","21","2","did;collection;rkey;record;time_us;$type;blob;createdAt;meta;mimeType;ref;author;background;color;eyes;mouth;rotation;shape;size;handle;$link","net.nornoe.avatarArchive;blob","./records/nornoe.net.avatarArchive"
"numinex.ai.v2","44","3","did;collection;rkey;record;time_us;$type;contentSnapshot;createdAt;description;snapshotExtractedAt;title;url;content;embeds;mode;triggerMetadata;generations;skipSystemPrompt;generationMetadata;reply;contextVersion;generationIndex;inferenceTimeMs;model;openrouter;systemPromptUri;triggerPostUri;userPromptUri;parent;root;provider;cid;uri;anthropic;inputTokens;outputTokens;messageId;stopReason;stopSequence;thinking;usage;cacheCreationInputTokens;reasoningContent;error","ai.numinex.v2.data.linkRecord;ai.numinex.v2.data.post;ai.numinex.v2.embed#postRef","./records/numinex.ai.v2"
"ocho.app.edu","9","1","did;collection;rkey;record;time_us;$type;createdAt;domain;subject","app.ocho.edu.verification","./records/ocho.app.edu"
"ocho.app.plugin","54","4","did;collection;rkey;record;time_us;$type;createdAt;extra;id;launchAsset;metadata;runtimeVersion;expoClient;expoGo;contentType;key;url;android;androidStatusBar;experiments;icon;ios;locales;name;newArchEnabled;orientation;platforms;plugins;scheme;sdkVersion;slug;userInterfaceStyle;version;web;developer;adaptiveIcon;edgeToEdgeEnabled;backgroundColor;typedRoutes;ocho;router;supportsTablet;bundler;favicon;output;tool;foregroundImage;db;data;launchAssetBlob;ref;mimeType;size;$link","app.ocho.plugin.assets;app.ocho.plugin.manifest;blob;app.ocho.plugin.service","./records/ocho.app.plugin"
"ocho.app.state","8","1","did;collection;rkey;record;time_us;$type;id;subject","app.ocho.state.id","./records/ocho.app.state"
"outof.coffee.beanPost","16","1","did;collection;rkey;record;time_us;$type;createdAt;text;beanOrigin;brewMethod;rating;roastLevel;location;locationType;lat;lng","coffee.outof.beanPost","./records/outof.coffee.beanPost"
"owdproject.org.application","26","1","did;collection;rkey;record;time_us;$type;windows;main-U-pV01;model;state;active;createdAt;draggable;focused;id;position;workspace;x;y;z;account-PGUrn-;main-hL2z1W;main-LHE9Ba;meta;autoplay;videoId","org.owdproject.application.windows","./records/owdproject.org.application"
"owdproject.org.desktop","15","1","did;collection;rkey;record;time_us;$type;state;volume;window;workspace;master;positionZ;active;list;overview","org.owdproject.desktop","./records/owdproject.org.desktop"
"ozone.tools.moderation","0","0","","","./records/ozone.tools.moderation"
"pastesphere.link.snippet","11","1","did;collection;rkey;record;time_us;$type;body;createdAt;description;title;type","link.pastesphere.snippet","./records/pastesphere.link.snippet"
"pckt.blog.blog","0","0","","","./records/pckt.blog.blog"
"pckt.blog.post","22","2","did;collection;rkey;record;time_us;$type;blog;body;bodyPlain;cover;publishedAt;tags;title;updatedAt;url;cid;uri;ref;mimeType;size;$link;images","blog.pckt.post;blob","./records/pckt.blog.post"
"pckt.blog.publication","26","3","did;collection;rkey;record;time_us;$type;basePath;createdAt;description;extensions;icon;name;theme;updatedAt;ref;mimeType;size;dark;font;light;$link;accent;background;link;surfaceHover;text","blog.pckt.publication;blob;blog.pckt.theme","./records/pckt.blog.publication"
"pckt.blog.theme","0","0","","","./records/pckt.blog.theme"
"pfp.blue.unmodifiedPfp","12","2","did;collection;rkey;record;time_us;$type;avatar;createdAt;ref;mimeType;size;$link","blue.pfp.unmodifiedPfp;blob","./records/pfp.blue.unmodifiedPfp"
"phone.index.state","0","0","","","./records/phone.index.state"
"pinksky.social.app","10","2","did;collection;rkey;record;time_us;$type;createdAt;id;slug;value","social.pinksky.app.collection;social.pinksky.app.preference","./records/pinksky.social.app"
"pipup.social.blog","13","3","did;collection;rkey;record;time_us;$type;content;createdAt;embed;title;updatedAt;visibility;images","social.pipup.blog.entry;app.bsky.embed.images;blob","./records/pipup.social.blog"
"plonk.li.comment","11","1","did;collection;rkey;record;time_us;$type;content;createdAt;post;cid;uri","li.plonk.comment","./records/plonk.li.comment"
"plonk.li.paste","11","1","did;collection;rkey;record;time_us;$type;code;createdAt;lang;shortUrl;title","li.plonk.paste","./records/plonk.li.paste"
"popfeed.app.note","17","1","did;collection;rkey;record;time_us;$type;backDropUrl;createdAt;creativeWorkType;facets;identifiers;posterUrl;releaseYear;text;title;imdbId;tmdbId","app.popfeed.note","./records/popfeed.app.note"
"popfeed.social.actor","10","1","did;collection;rkey;record;time_us;$type;createdAt;description;displayName;externalLinks","social.popfeed.actor.profile","./records/popfeed.social.actor"
"popfeed.social.feed","57","7","did;collection;rkey;record;time_us;$type;createdAt;description;listType;name;ordered;tags;backdropUrl;containsSpoilers;creativeWorkType;facets;genres;identifiers;isRevisit;mainCredit;mainCreditRole;posterUrl;rating;releaseDate;text;title;imdbId;tmdbId;mbId;isbn13;addedAt;listUri;isbn10;itemOrder;watchedEpisodes;seasonNumber;tmdbTvSeriesId;episodeNumber;igdbId;releaseYear;backDropUrl;bookProgress;currentChapter;currentPage;percent;status;totalChapters;totalPages;updatedAt;subjectType;subjectUri;rootUri;authorDid;indexedAt;crossPosts;bluesky;workTitle","social.popfeed.feed.list;social.popfeed.feed.review;social.popfeed.feed.listItem;social.popfeed.feed.post;social.popfeed.feed.note;social.popfeed.feed.like;social.popfeed.feed.comment","./records/popfeed.social.feed"
"popsky.app.comment","11","1","did;collection;rkey;record;time_us;$type;createdAt;subjectUri;text;rootUri;subjectType","app.popsky.comment","./records/popsky.app.comment"
"popsky.app.like","9","1","did;collection;rkey;record;time_us;$type;createdAt;subjectType;subjectUri","app.popsky.like","./records/popsky.app.like"
"popsky.app.list","14","1","did;collection;rkey;record;time_us;$type;authorDid;createdAt;description;indexedAt;name;ordered;tags;itemOrder","app.popsky.list","./records/popsky.app.list"
"popsky.app.listItem","13","1","did;collection;rkey;record;time_us;$type;addedAt;creativeWorkType;description;identifiers;listUri;imdbId;tmdbId","app.popsky.listItem","./records/popsky.app.listItem"
"popsky.app.post","17","2","did;collection;rkey;record;time_us;$type;createdAt;creativeWorkType;identifiers;text;tmdbId;facets;igdbId;imdbId;isbn10;isbn13;title","app.popsky.post;app.bsky.richtext.facet#link","./records/popsky.app.post"
"popsky.app.profile","10","1","did;collection;rkey;record;time_us;$type;createdAt;description;displayName;externalLinks","app.popsky.profile","./records/popsky.app.profile"
"popsky.app.review","19","1","did;collection;rkey;record;time_us;$type;containsSpoilers;createdAt;creativeWorkType;facets;identifiers;isRevisit;rating;reviewText;tags;imdbId;tmdbId;isbn10;isbn13","app.popsky.review","./records/popsky.app.review"
"pouch.dev.bookmark","12","1","did;collection;rkey;record;time_us;$type;createdAt;source;tags;updatedAt;url;title","dev.pouch.bookmark","./records/pouch.dev.bookmark"
"protoboard.app.board","0","0","","","./records/protoboard.app.board"
"protoboard.app.item","0","0","","","./records/protoboard.app.item"
"protonauts.game.critters","11","1","did;collection;rkey;record;time_us;$type;encryptedData;hash;salt;timestamp;version","game.protonauts.critters","./records/protonauts.game.critters"
"protonauts.game.inventory","11","1","did;collection;rkey;record;time_us;$type;encryptedData;hash;salt;timestamp;version","game.protonauts.inventory","./records/protonauts.game.inventory"
"protonauts.game.player","18","1","did;collection;rkey;record;time_us;$type;color;currentStructure;lastUpdated;liveMessage;name;secondaryColor;statusUpdate;x;y;z;message;timestamp","game.protonauts.player","./records/protonauts.game.player"
"protopro.blue.actor","13","1","did;collection;rkey;record;time_us;$type;accountType;educationHistory;jobHistory;name;overview;skills;updatedAt","blue.protopro.actor.profile","./records/protopro.blue.actor"
"protopro.blue.job","15","1","did;collection;rkey;record;time_us;$type;createdAt;description;employmentType;location;remote;status;tags;title;updatedAt","blue.protopro.job","./records/protopro.blue.job"
"protruth.com.app","0","0","","","./records/protruth.com.app"
"protruth.com.feed","28","13","did;collection;rkey;record;time_us;$type;createdAt;linkType;parentRef;postRef;cid;uri;details;title;parentUri;embed;external;description;thumb;ref;mimeType;size;$link;publishedAt;indexedAt;profile;publisherDomain;handle","com.protruth.feed.postLink;com.protruth.feed.defs#claimQuote;com.protruth.feed.defs#quoteCitation;com.protruth.feed.defs#claimResponseClaim;com.protruth.feed.post;com.protruth.feed.defs#claim;com.protruth.feed.defs#quote;com.atproto.repo.strongRef;com.protruth.feed.defs#evidence;com.protruth.embed.external;blob;com.protruth.feed.defs#evidenceView;com.protruth.embed.external#viewExternal","./records/protruth.com.feed"
"pst.app.player","11","1","did;collection;rkey;record;time_us;$type;lastUpdated;name;x;y;z","app.pst.player","./records/pst.app.player"
"pst.app.structures","12","1","did;collection;rkey;record;time_us;$type;emoji;id;position;x;y;z","app.pst.structures","./records/pst.app.structures"
"purplespace.app.feed","27","8","did;collection;rkey;record;time_us;$type;createdAt;text;reply;parent;root;cid;uri;embed;images;facets;langs;space.aoisora.post.via;alt;aspectRatio;video;height;width;ref;mimeType;size;$link","app.purplespace.feed.post;app.purplespace.feed.post#replyRef;com.atproto.repo.strongRef;app.purplespace.embed.images;app.purplespace.embed.images#image;app.purplespace.embed.defs#aspectRatio;blob;app.purplespace.embed.video","./records/purplespace.app.feed"
"q-p.blue.network","8","1","did;collection;rkey;record;time_us;$type;createdAt;membership","blue.q-p.network.members","./records/q-p.blue.network"
"raddle.app.community","15","1","did;collection;rkey;record;time_us;$type;createdAt;creatorDid;description;membersCount;moderators;name;postsCount;rules;tags","app.raddle.community","./records/raddle.app.community"
"raddle.app.communityMember","10","1","did;collection;rkey;record;time_us;$type;community;joinedAt;member;uri","app.raddle.communityMember","./records/raddle.app.communityMember"
"recipe.exchange.collection","10","1","did;collection;rkey;record;time_us;$type;createdAt;name;recipes;text","exchange.recipe.collection","./records/recipe.exchange.collection"
"recipe.exchange.profile","11","1","did;collection;rkey;record;time_us;$type;about;createdAt;links;profileType;updatedAt","exchange.recipe.profile","./records/recipe.exchange.profile"
"recipe.exchange.recipe","39","8","did;collection;rkey;record;time_us;$type;attribution;cookTime;cookingMethod;createdAt;embed;ingredients;instructions;keywords;name;prepTime;recipeCategory;recipeCuisine;recipeYield;text;totalTime;updatedAt;license;images;url;nutrition;suitableForDiet;calories;carbohydrateContent;fatContent;proteinContent;author;isbn;page;publisher;title;type;brand;upc","exchange.recipe.recipe;exchange.recipe.defs#attributionOriginal;exchange.recipe.recipe#imagesEmbed;blob;exchange.recipe.defs#attributionPerson;exchange.recipe.defs#attributionWebsite;exchange.recipe.defs#attributionPublication;exchange.recipe.defs#attributionProduct","./records/recipe.exchange.recipe"
"regnault.dev.example","0","0","","","./records/regnault.dev.example"
"rem.app.actor","0","0","","","./records/rem.app.actor"
"remblue.app.actor","0","0","","","./records/remblue.app.actor"
"retrobrand.com.photo","18","2","did;collection;rkey;record;time_us;$type;createdAt;description;image;ownership;tags;title;ref;mimeType;size;brand;company;$link","com.retrobrand.photo;blob","./records/retrobrand.com.photo"
"rito.blue.feed","13","1","did;collection;rkey;record;time_us;$type;comments;createdAt;ogpDescription;ogpImage;ogpTitle;subject;tags","blue.rito.feed.bookmark","./records/rito.blue.feed"
"rito.blue.service","7","1","did;collection;rkey;record;time_us;$type;schema","blue.rito.service.schema","./records/rito.blue.service"
"rizzler.tv.feed","10","1","did;collection;rkey;record;time_us;$type;createdAt;subject;cid;uri","tv.rizzler.feed.repost","./records/rizzler.tv.feed"
"rizzler.tv.graph","8","1","did;collection;rkey;record;time_us;$type;createdAt;subject","tv.rizzler.graph.follow","./records/rizzler.tv.graph"
"rocksky.app.album","16","2","did;collection;rkey;record;time_us;$type;albumArt;artist;createdAt;releaseDate;title;year;ref;mimeType;size;$link","app.rocksky.album;blob","./records/rocksky.app.album"
"rocksky.app.artist","13","2","did;collection;rkey;record;time_us;$type;createdAt;name;picture;ref;mimeType;size;$link","app.rocksky.artist;blob","./records/rocksky.app.artist"
"rocksky.app.like","10","1","did;collection;rkey;record;time_us;$type;createdAt;subject;cid;uri","app.rocksky.like","./records/rocksky.app.like"
"rocksky.app.scrobble","22","2","did;collection;rkey;record;time_us;$type;album;albumArt;albumArtist;artist;createdAt;discNumber;duration;releaseDate;spotifyLink;title;trackNumber;year;ref;mimeType;size;$link","app.rocksky.scrobble;blob","./records/rocksky.app.scrobble"
"rocksky.app.shout","12","1","did;collection;rkey;record;time_us;$type;createdAt;message;subject;cid;uri;parent","app.rocksky.shout","./records/rocksky.app.shout"
"rocksky.app.song","22","2","did;collection;rkey;record;time_us;$type;album;albumArt;albumArtist;artist;createdAt;discNumber;duration;releaseDate;spotifyLink;title;trackNumber;year;ref;mimeType;size;$link","app.rocksky.song;blob","./records/rocksky.app.song"
"roomy.chat.01JPNX7AA9BSM6TY2GWW1TR5V7","7","1","did;collection;rkey;record;time_us;$type;id","chat.roomy.01JPNX7AA9BSM6TY2GWW1TR5V7.catalog","./records/roomy.chat.01JPNX7AA9BSM6TY2GWW1TR5V7"
"roomy.chat.profile","8","1","did;collection;rkey;record;time_us;$type;accountId;profileId","chat.roomy.profile","./records/roomy.chat.profile"
"roomy.chat.v0","13","3","did;collection;rkey;record;time_us;$type;alt;video;ref;mimeType;size;$link;image","chat.roomy.v0.videos;blob;chat.roomy.v0.images","./records/roomy.chat.v0"
"roomy.space.image","11","2","did;collection;rkey;record;time_us;$type;image;ref;mimeType;size;$link","space.roomy.image;blob","./records/roomy.space.image"
"roomy.space.stream","8","1","did;collection;rkey;record;time_us;$type;id;version","space.roomy.stream.dev","./records/roomy.space.stream"
"ruthub.com.entry","14","1","did;collection;rkey;record;time_us;$type;content;cover;createdAt;id;relateds;title;updatedAt;visibility","com.ruthub.entry","./records/ruthub.com.entry"
"ruthub.com.item","26","1","did;collection;rkey;record;time_us;$type;attrs;cover;description;kind;skeet;title;uuid;Author;Binding;ISBN;Language;Pages;Publisher;Release;resources;ContentRating;Creator;Director;Genre;Titles","com.ruthub.item","./records/ruthub.com.item"
"ruthub.com.kanban","9","1","did;collection;rkey;record;time_us;$type;content;name;updatedAt","com.ruthub.kanban","./records/ruthub.com.kanban"
"ruthub.com.kanbans","7","1","did;collection;rkey;record;time_us;$type;keys","com.ruthub.kanbans","./records/ruthub.com.kanbans"
"scrapboard.org.list","9","1","did;collection;rkey;record;time_us;$type;createdAt;description;name","org.scrapboard.list","./records/scrapboard.org.list"
"scrapboard.org.listitem","9","1","did;collection;rkey;record;time_us;$type;createdAt;list;url","org.scrapboard.listitem","./records/scrapboard.org.listitem"
"shadowsky.app.preferences","9","1","did;collection;rkey;record;time_us;$type;bookmarkStorageType;createdAt;updatedAt","app.shadowsky.preferences","./records/shadowsky.app.preferences"
"shadowsky.com.bookmark","17","1","did;collection;rkey;record;time_us;$type;author;createdAt;postCid;postUri;savedAt;text;avatar;displayName;handle;bookmarks;version","com.shadowsky.bookmark","./records/shadowsky.com.bookmark"
"shadowsky.com.bookmarks","8","1","did;collection;rkey;record;time_us;$type;bookmarks;version","com.shadowsky.bookmarks","./records/shadowsky.com.bookmarks"
"shadowsky.com.column","12","1","did;collection;rkey;record;time_us;$type;createdAt;data;id;title;type;updatedAt","com.shadowsky.column","./records/shadowsky.com.column"
"shadowsky.com.columns","8","1","did;collection;rkey;record;time_us;$type;columns;version","com.shadowsky.columns","./records/shadowsky.com.columns"
"shadowsky.com.draft","14","1","did;collection;rkey;record;time_us;$type;content;createdAt;id;media;postOrder;posts;title;updatedAt","com.shadowsky.draft","./records/shadowsky.com.draft"
"shadowsky.com.preferences","12","1","did;collection;rkey;record;time_us;$type;bookmarkStorageType;columnStorageType;createdAt;draftStorageType;updatedAt;version","com.shadowsky.preferences","./records/shadowsky.com.preferences"
"sherman.is.dev","11","1","did;collection;rkey;record;time_us;$type;createdAt;description;nsid;slug;tags","is.sherman.dev.article","./records/sherman.is.dev"
"shinolabs.com.pinksea","21","3","did;collection;rkey;record;time_us;$type;createdAt;image;inResponseTo;nsfw;tags;blob;imageLink;cid;uri;ref;mimeType;size;alt;$link;values","com.shinolabs.pinksea.oekaki;blob;com.shinolabs.pinksea.preferences","./records/shinolabs.com.pinksea"
"sign.social.blog","0","0","","","./records/sign.social.blog"
"skeetmoji.app.collection","0","0","","","./records/skeetmoji.app.collection"
"skittr.lol.usertheme","0","0","","","./records/skittr.lol.usertheme"
"skyart.app.album","0","0","","","./records/skyart.app.album"
"skyart.app.albumPost","0","0","","","./records/skyart.app.albumPost"
"skyart.app.comment","14","1","did;collection;rkey;record;time_us;$type;createdAt;subject;text;authorAvatar;authorDid;authorDisplayName;authorHandle;parent","app.skyart.comment","./records/skyart.app.comment"
"skyart.app.follow","11","1","did;collection;rkey;record;time_us;$type;createdAt;followingAvatar;followingDid;followingDisplayName;followingHandle","app.skyart.follow","./records/skyart.app.follow"
"skyart.app.like","15","1","did;collection;rkey;record;time_us;$type;createdAt;likerAvatar;likerDid;likerDisplayName;likerHandle;postType;subject;cid;uri","app.skyart.like","./records/skyart.app.like"
"skyart.app.post","10","3","did;collection;rkey;record;time_us;$type;artwork;createdAt;text;images","app.skyart.post;artwork;blob","./records/skyart.app.post"
"skyart.app.preferences","21","2","did;collection;rkey;record;time_us;$type;bio;coverPhoto;createdAt;hashtags;longDescription;onboardingCompleted;preferences;socialLinks;ref;mimeType;size;notifications;privacy;theme;$link","app.skyart.preferences;blob","./records/skyart.app.preferences"
"skybemoreblue.com.intro","15","3","did;collection;rkey;record;time_us;$type;createdAt;introduction;cid;uri;subject;body;lang;tags;updatedAt","com.skybemoreblue.intro.rejection;com.skybemoreblue.intro.request;com.skybemoreblue.intro.introduction","./records/skybemoreblue.com.intro"
"skybemoreblue.com.social","10","1","did;collection;rkey;record;time_us;$type;createdAt;introduction;cid;uri","com.skybemoreblue.social.intro.rejection","./records/skybemoreblue.com.social"
"skyblur.uk.post","16","2","did;collection;rkey;record;time_us;$type;additional;createdAt;text;uri;visibility;encryptBody;ref;mimeType;size;$link","uk.skyblur.post;blob","./records/skyblur.uk.post"
"skyblur.uk.preference","9","1","did;collection;rkey;record;time_us;$type;myPage;description;isUseMyPage","uk.skyblur.preference","./records/skyblur.uk.preference"
"skyfi.social.cert","11","2","did;collection;rkey;record;time_us;$type;certificate;createdAt;serialNumber;validUntil;subject","social.skyfi.cert.client;social.skyfi.cert.root","./records/skyfi.social.cert"
"skyfi.social.x509","11","1","did;collection;rkey;record;time_us;$type;certificate;certificateType;createdAt;serialNumber;validUntil","social.skyfi.x509","./records/skyfi.social.x509"
"skylights.my.listItem","13","2","did;collection;rkey;record;time_us;$type;addedAt;item;list;position;ref;value;type","my.skylights.listItem;my.skylights.listItem#builtin","./records/skylights.my.listItem"
"skylights.my.rel","14","1","did;collection;rkey;record;time_us;$type;item;rating;ref;value;createdAt;note;updatedAt;from","my.skylights.rel","./records/skylights.my.rel"
"skymap.blue.geo","12","1","did;collection;rkey;record;time_us;$type;createdAt;description;features;title;cid;uri","blue.skymap.geo.map","./records/skymap.blue.geo"
"skyspace.me.aesthetics","33","1","did;collection;rkey;record;time_us;$type;bg;bio;createdAt;effects;music;panel;text;color;position;url;location;quote;cursorImage;cursorTrail;cursorTrailParameters;cursorURL;frameColor;frameRadius;frameStyle;frameThickness;panelColor;panelTransparency;seperatorColor;bodyColor;font;linkColor;titleColor","me.skyspace.aesthetics","./records/skyspace.me.aesthetics"
"skyspace.me.content","11","1","did;collection;rkey;record;time_us;$type;createdAt;interests;music;top8;wiltm","me.skyspace.content","./records/skyspace.me.content"
"skytube.app.graph","8","1","did;collection;rkey;record;time_us;$type;createdAt;subject","app.skytube.graph.favorite","./records/skytube.app.graph"
"skytube.app.profile","7","1","did;collection;rkey;record;time_us;$type;topics","app.skytube.profile","./records/skytube.app.profile"
"skytube.app.video","8","1","did;collection;rkey;record;time_us;$type;createdAt;subjectUri","app.skytube.video.save","./records/skytube.app.video"
"skywatched.app.settings","10","1","did;collection;rkey;record;time_us;$type;crosspost_enabled;streaming_region;code;name","app.skywatched.settings","./records/skywatched.app.settings"
"skywell.dev.file","14","2","did;collection;rkey;record;time_us;$type;createdAt;description;name;blobRef;ref;mimeType;size;$link","dev.skywell.file;blob","./records/skywell.dev.file"
"sliceat.xyz.lexicon","0","0","","","./records/sliceat.xyz.lexicon"
"sliceat.xyz.slice","0","0","","","./records/sliceat.xyz.slice"
"slices.network.actor","14","2","did;collection;rkey;record;time_us;$type;avatar;createdAt;description;displayName;ref;mimeType;size;$link","network.slices.actor.profile;blob","./records/slices.network.actor"
"slices.network.lexicon","12","1","did;collection;rkey;record;time_us;$type;createdAt;definitions;excludedFromSync;nsid;slice;updatedAt","network.slices.lexicon","./records/slices.network.lexicon"
"slices.network.slice","9","1","did;collection;rkey;record;time_us;$type;createdAt;domain;name","network.slices.slice","./records/slices.network.slice"
"slices.network.waiting","0","0","","","./records/slices.network.waiting"
"slices.network.waitlist","8","2","did;collection;rkey;record;time_us;$type;createdAt;slice","network.slices.waitlist.invite;network.slices.waitlist.request","./records/slices.network.waitlist"
"slices.social.actor","9","1","did;collection;rkey;record;time_us;$type;createdAt;description;displayName","social.slices.actor.profile","./records/slices.social.actor"
"slices.social.lexicon","10","1","did;collection;rkey;record;time_us;$type;createdAt;definitions;nsid;slice","social.slices.lexicon","./records/slices.social.lexicon"
"slices.social.slice","10","1","did;collection;rkey;record;time_us;$type;createdAt;domain;name;slice","social.slices.slice","./records/slices.social.slice"
"smokesignal.events.calendar","10","1","did;collection;rkey;record;time_us;$type;status;subject;cid;uri","events.smokesignal.calendar.rsvp","./records/smokesignal.events.calendar"
"smokesignal.tools.blahg","16","3","did;collection;rkey;record;time_us;$type;content;langs;publishedAt;title;ref;mimeType;size;$link;attachments;description","tools.smokesignal.blahg.content.post;blob;tools.smokesignal.blahg.content.post#attachment","./records/smokesignal.tools.blahg"
"smol.farm.games","16","3","did;collection;rkey;record;time_us;$type;gameNumber;hash;playerDid;score;gameNum;lives;time;guesses;isWin;timestamp","farm.smol.games.skyrdle.player.score;farm.smol.games.eggsweeper.score;farm.smol.games.skyrdle.score","./records/smol.farm.games"
"smol.life.installed","7","1","did;collection;rkey;record;time_us;$type;uri","life.smol.installed","./records/smol.life.installed"
"smol.life.resume","11","1","did;collection;rkey;record;time_us;$type;educationHistory;jobHistory;overview;skills;name","life.smol.resume","./records/smol.life.resume"
"smol.life.tipJar","8","1","did;collection;rkey;record;time_us;$type;type;value","life.smol.tipJar","./records/smol.life.tipJar"
"snep.business.mood","8","1","did;collection;rkey;record;time_us;$type;createdAt;text","business.snep.mood","./records/snep.business.mood"
"snowpo.st.post","13","2","did;collection;rkey;record;time_us;$type;content;createdAt;ref;mimeType;size;$link;updatedAt","st.snowpo.post;blob","./records/snowpo.st.post"
"some.testing.collection","0","0","","","./records/some.testing.collection"
"sonasky.app.ref","19","1","did;collection;rkey;record;time_us;$type;character;createdAt;modifiedAt;altRef;colors;description;drawWithoutAskingNSFW;drawWithoutAskingSFW;name;nsfw;pronouns;refSheet;species","app.sonasky.ref","./records/sonasky.app.ref"
"soundsky.cloud.audio","23","2","did;collection;rkey;record;time_us;$type;artwork;audio;createdAt;metadata;stats;text;ref;mimeType;size;album;artist;title;year;plays;$link;tags;license","cloud.soundsky.audio;blob","./records/soundsky.cloud.audio"
"sparkclips.com.videoPointer","0","0","","","./records/sparkclips.com.videoPointer"
"sprk.so.actor","13","2","did;collection;rkey;record;time_us;$type;avatar;description;displayName;ref;mimeType;size;$link","so.sprk.actor.profile;blob","./records/sprk.so.actor"
"sprk.so.feed","29","8","did;collection;rkey;record;time_us;$type;createdAt;media;selfLabels;tags;images;reply;text;parent;root;cid;uri;video;ref;mimeType;size;$link;details;sound;title;artist;embed;alt;subject","so.sprk.feed.story;so.sprk.embed.images;blob;so.sprk.feed.post;com.atproto.repo.strongRef;so.sprk.embed.video;so.sprk.feed.audio;so.sprk.feed.like","./records/sprk.so.feed"
"sprk.so.graph","8","1","did;collection;rkey;record;time_us;$type;createdAt;subject","so.sprk.graph.follow","./records/sprk.so.graph"
"starfall.dev.rss","11","1","did;collection;rkey;record;time_us;$type;author;content;createdAt;title;url","dev.starfall.rss.star","./records/starfall.dev.rss"
"status.a.update","10","1","did;collection;rkey;record;time_us;$type;createdAt;text;status;mood","a.status.update","./records/status.a.update"
"statuscity.xyz.status","8","1","did;collection;rkey;record;time_us;$type;createdAt;status","xyz.statuscity.status","./records/statuscity.xyz.status"
"statusphere.xyx.status","0","0","","","./records/statusphere.xyx.status"
"statusphere.xyz.linkRating","9","1","did;collection;rkey;record;time_us;$type;createdAt;rating;url","xyz.statusphere.linkRating","./records/statusphere.xyz.linkRating"
"statusphere.xyz.pomodoroSession","10","1","did;collection;rkey;record;time_us;$type;endedAt;startedAt;title;durationSeconds","xyz.statusphere.pomodoroSession","./records/statusphere.xyz.pomodoroSession"
"statusphere.xyz.status","8","1","did;collection;rkey;record;time_us;$type;createdAt;status","xyz.statusphere.status","./records/statusphere.xyz.status"
"stellz.club.evm","18","1","did;collection;rkey;record;time_us;$type;address;alsoOn;signature;siwe;$bytes;chainId;domain;issuedAt;nonce;statement;uri;version","club.stellz.evm.addressControl","./records/stellz.club.evm"
"stream.place.chat","20","4","did;collection;rkey;record;time_us;$type;hiddenMessage;createdAt;facets;streamer;text;reply;parent;root;cid;uri;color;blue;green;red","place.stream.chat.gate;place.stream.chat.message;app.bsky.richtext.facet#link;place.stream.chat.profile","./records/stream.place.chat"
"stream.place.default","17","1","did;collection;rkey;record;time_us;$type;contentRights;contentWarnings;createdAt;distributionPolicy;copyrightNotice;copyrightYear;creator;creditLine;license;allowArchive;broadcastExpiry","place.stream.default.metadata","./records/stream.place.default"
"stream.place.key","9","1","did;collection;rkey;record;time_us;$type;createdAt;createdBy;signingKey","place.stream.key","./records/stream.place.key"
"stream.place.live","0","0","","","./records/stream.place.live"
"stream.place.livestream","19","2","did;collection;rkey;record;time_us;$type;createdAt;post;title;url;cid;uri;thumb;ref;mimeType;size;$link;agent;canonicalUrl","place.stream.livestream;blob","./records/stream.place.livestream"
"stream.place.metadata","15","1","did;collection;rkey;record;time_us;$type;contentRights;contentWarnings;createdAt;distributionPolicy;copyrightNotice;copyrightYear;license;warnings;deleteAfter","place.stream.metadata.configuration","./records/stream.place.metadata"
"stream.place.server","7","1","did;collection;rkey;record;time_us;$type;debugRecording","place.stream.server.settings","./records/stream.place.server"
"stroam.com.feed","18","4","did;collection;rkey;record;time_us;$type;createdAt;text;reply;parent;root;cid;uri;facets;embed;external;description;title","com.stroam.feed.post;com.stroam.richtext.facet#mention;com.stroam.embed.external;com.stroam.richtext.facet#link","./records/stroam.com.feed"
"symbio.club.urls","9","1","did;collection;rkey;record;time_us;$type;createdAt;text;title","club.symbio.urls","./records/symbio.club.urls"
"syui.ai.log","20","1","did;collection;rkey;record;time_us;$type;author;createdAt;post;text;type;url;avatar;displayName;handle;date;language;slug;tags;title","ai.syui.log","./records/syui.ai.log"
"syui.ai.verse","0","0","","","./records/syui.ai.verse"
"tangled.sh.actor","12","1","did;collection;rkey;record;time_us;$type;bluesky;description;links;location;pinnedRepositories;stats","sh.tangled.actor.profile","./records/tangled.sh.actor"
"tangled.sh.feed","9","2","did;collection;rkey;record;time_us;$type;createdAt;reaction;subject","sh.tangled.feed.reaction;sh.tangled.feed.star","./records/tangled.sh.feed"
"tangled.sh.graph","8","1","did;collection;rkey;record;time_us;$type;createdAt;subject","sh.tangled.graph.follow","./records/tangled.sh.graph"
"tangled.sh.knot","9","2","did;collection;rkey;record;time_us;$type;createdAt;domain;subject","sh.tangled.knot.member;sh.tangled.knot","./records/tangled.sh.knot"
"tangled.sh.label","19","2","did;collection;rkey;record;time_us;$type;color;createdAt;multiple;name;scope;valueType;format;type;enum;add;delete;performedAt;subject","sh.tangled.label.definition;sh.tangled.label.op","./records/tangled.sh.label"
"tangled.sh.publicKey","9","1","did;collection;rkey;record;time_us;$type;createdAt;key;name","sh.tangled.publicKey","./records/tangled.sh.publicKey"
"tangled.sh.repo","33","9","did;collection;rkey;record;time_us;$type;createdAt;description;knot;labels;name;spindle;artifact;repo;tag;ref;mimeType;size;$bytes;$link;owner;issue;state;subject;body;title;pull;replyTo;patch;source;target;branch;sha","sh.tangled.repo;sh.tangled.repo.artifact;blob;sh.tangled.repo.issue.state;sh.tangled.repo.collaborator;sh.tangled.repo.issue;sh.tangled.repo.pull.comment;sh.tangled.repo.issue.comment;sh.tangled.repo.pull","./records/tangled.sh.repo"
"tangled.sh.spindle","9","2","did;collection;rkey;record;time_us;$type;createdAt;instance;subject","sh.tangled.spindle;sh.tangled.spindle.member","./records/tangled.sh.spindle"
"tangled.sh.string","10","1","did;collection;rkey;record;time_us;$type;contents;createdAt;description;filename","sh.tangled.string","./records/tangled.sh.string"
"tanglifications.self.log","11","1","did;collection;rkey;record;time_us;$type;createdAt;event;subjects;bsky;tngl","self.tanglifications.log","./records/tanglifications.self.log"
"tanglifications.self.state","7","1","did;collection;rkey;record;time_us;$type;cursor","self.tanglifications.state","./records/tanglifications.self.state"
"tapapp.lol.tap","13","2","did;collection;rkey;record;time_us;$type;contentBlob;name;updatedAt;ref;mimeType;size;$link","lol.tapapp.tap.doc;blob","./records/tapapp.lol.tap"
"task.local.heartbeat","7","1","did;collection;rkey;record;time_us;$type;createdAt","local.task.heartbeat","./records/task.local.heartbeat"
"tcg.app.card","12","1","did;collection;rkey;record;time_us;$type;attack;createdAt;defense;name;rarity;type","app.tcg.card","./records/tcg.app.card"
"teal.fm.alpha","30","5","did;collection;rkey;record;time_us;$type;avatar;banner;description;displayName;ref;mimeType;size;$link;artistMbIds;artistName;duration;isrc;musicServiceBaseDomain;originUrl;playedTime;recordingMbId;releaseMbId;releaseName;submissionClientAgent;trackName;artists;completedOnboarding;createdAt;updatedAt","fm.teal.alpha.actor.profile;blob;fm.teal.alpha.play;fm.teal.alpha.feed.play;fm.teal.alpha.actor.profileStatus","./records/teal.fm.alpha"
"test.my.blob","10","3","did;collection;rkey;record;time_us;$type;createdAt;embed;langs;images","my.test.blob;app.bsky.embed.images;blob","./records/test.my.blob"
"test.test.test","8","1","did;collection;rkey;record;time_us;$type;shit;hello","test.test.test","./records/test.test.test"
"thinkhubtest.com.initiatives","30","3","did;collection;rkey;record;time_us;$type;author;createdAt;description;title;assignees;comments;id;initiativeId;status;updatedAt;category;location;participants;priority;summary;tags;timeline;visibility;current;progressPct;ownerDid;deleted;taskId;text","com.thinkhubtest.initiatives.initiative;com.thinkhubtest.initiatives.task;com.thinkhubtest.initiatives.comment","./records/thinkhubtest.com.initiatives"
"thinkhubtest.com.threads","11","1","did;collection;rkey;record;time_us;$type;author;createdAt;text;title;initiativeId","com.thinkhubtest.threads.post","./records/thinkhubtest.com.threads"
"thinkhubtest.com.userKeys","7","1","did;collection;rkey;record;time_us;$type;pubKey","com.thinkhubtest.userKeys","./records/thinkhubtest.com.userKeys"
"thought.stream.ack","31","1","did;collection;rkey;record;time_us;$type;activitySummary;clientVersion;createdAt;lastActivityAt;platform;sessionContext;startedAt;status;updatedAt;currentLevel;currentXP;gameActions;pagesVisited;totalEvents;xpGainedThisSession;authenticationMethod;entryPoint;isNewUser;referrer;dailyPacksOpened;feedsLoaded;itemsCollected;levelUps;postsViewed;specimensCollected","net.anisota.beta.game.session","./records/thought.stream.ack"
"thought.stream.blip","8","1","did;collection;rkey;record;time_us;$type;content;createdAt","stream.thought.blip","./records/thought.stream.blip"
"thought.stream.journal","8","4","did;collection;rkey;record;time_us;$type;content;createdAt","stream.thought.journal.day;stream.thought.journal.month;stream.thought.journal.year;stream.thought.journal","./records/thought.stream.journal"
"thought.stream.reasoning","8","1","did;collection;rkey;record;time_us;$type;createdAt;reasoning","stream.thought.reasoning","./records/thought.stream.reasoning"
"thought.stream.tool","10","1","did;collection;rkey;record;time_us;$type;arguments;createdAt;tool_call_id;tool_name","stream.thought.tool.call","./records/thought.stream.tool"
"tomo-x.win.atunits","10","1","did;collection;rkey;record;time_us;$type;libver;name;src;target","win.tomo-x.atunits.unit","./records/tomo-x.win.atunits"
"toronto.inc.discover","18","1","did;collection;rkey;record;time_us;$type;bio;createdAt;currentProject;interests;name;neighbourhood;twitterUrl;websiteUrl;githubUrl;instagramUrl;linkedinUrl;updatedAt","inc.toronto.discover.beta.profile","./records/toronto.inc.discover"
"tree.fail.identity","12","1","did;collection;rkey;record;time_us;$type;createdAt;identifier;platform;proofs;service;name","fail.tree.identity.claim","./records/tree.fail.identity"
"tree.fail.team","8","2","did;collection;rkey;record;time_us;$type;createdAt;team","fail.tree.team.membership;fail.tree.team.profile","./records/tree.fail.team"
"truanon.app.label","8","1","did;collection;rkey;record;time_us;$type;rank;style","app.truanon.label","./records/truanon.app.label"
"truanon.app.prefs","10","1","did;collection;rkey;record;time_us;$type;wants_personal;wants_private;wants_social;wants_verified","app.truanon.prefs","./records/truanon.app.prefs"
"two.one.three","12","2","did;collection;rkey;record;time_us;$type;gay;blob;ref;mimeType;size;$link","one.two.three;blob","./records/two.one.three"
"unravel.fyi.frontpage","15","3","did;collection;rkey;record;time_us;$type;content;createdAt;parent;post;cid;uri;title;url;subject","fyi.unravel.frontpage.comment;fyi.unravel.frontpage.post;fyi.unravel.frontpage.vote","./records/unravel.fyi.frontpage"
"val.run.qbat","9","1","did;collection;rkey;record;time_us;$type;createdAt;gameText;name","run.val.qbat.game.v1","./records/val.run.qbat"
"wamellow.com.bridge","7","1","did;collection;rkey;record;time_us;$type;onboarding","com.wamellow.bridge.discord","./records/wamellow.com.bridge"
"welistskyblue.com.list","16","5","did;collection;rkey;record;time_us;$type;createdAt;subject;text;cid;uri;deletedAt;name;status;updatedAt;uris","com.welistskyblue.list.comment;com.welistskyblue.list.congrats;com.welistskyblue.list.like;com.welistskyblue.list.item;com.welistskyblue.list.all","./records/welistskyblue.com.list"
"whey.party.ft","25","4","did;collection;rkey;record;time_us;$type;createdAt;forum;text;title;reply;parent;root;cid;uri;reactionEmoji;subject;avatar;banner;description;displayName;ref;mimeType;size;$link","party.whey.ft.topic.post;party.whey.ft.topic.reaction;party.whey.ft.forum.definition;blob","./records/whey.party.ft"
"whitewind.com.blog","11","1","did;collection;rkey;record;time_us;$type;content;createdAt;tags;theme;title","com.whitewind.blog.entry","./records/whitewind.com.blog"
"whtwnd.com.blog","15","2","did;collection;rkey;record;time_us;$type;blobs;content;createdAt;theme;title;visibility;ogp;url;subtitle","com.whtwnd.blog.entry;blob","./records/whtwnd.com.blog"
"wlo.moe.gallery","0","0","","","./records/wlo.moe.gallery"
"woosh.link.linkPage","0","0","","","./records/woosh.link.linkPage"
"write.sky.on","20","1","did;collection;rkey;record;time_us;$type;authorDid;authorDisplayName;authorHandle;bskyCommentsPostUri;category;content;coverImage;publishedAt;recommended;shortDescription;slug;tags;title;updatedAt","sky.write.on.pages","./records/write.sky.on"
"xcvr.org.actor","10","1","did;collection;rkey;record;time_us;$type;color;defaultNick;displayName;status","org.xcvr.actor.profile","./records/xcvr.org.actor"
"xcvr.org.feed","10","1","did;collection;rkey;record;time_us;$type;createdAt;host;title;topic","org.xcvr.feed.channel","./records/xcvr.org.feed"
"xcvr.org.lrc","15","2","did;collection;rkey;record;time_us;$type;authorHandle;channelURI;lrcID;startedAt;body;color;nick;postedAt;signetURI","org.xcvr.lrc.signet;org.xcvr.lrc.message","./records/xcvr.org.lrc"
"yoten.app.activity","10","1","did;collection;rkey;record;time_us;$type;categories;createdAt;description;name","app.yoten.activity.def","./records/yoten.app.activity"
"yoten.app.actor","10","1","did;collection;rkey;record;time_us;$type;createdAt;description;displayName;location","app.yoten.actor.profile","./records/yoten.app.actor"
"yoten.app.feed","23","5","did;collection;rkey;record;time_us;$type;author;createdAt;description;link;title;type;reactionType;subject;date;duration;languageCode;resource;userActivityRef;categories;name;predefinedActivityName;body","app.yoten.feed.resource;app.yoten.feed.reaction;app.yoten.feed.session;app.yoten.activity.def;app.yoten.feed.comment","./records/yoten.app.feed"
"yoten.app.graph","8","1","did;collection;rkey;record;time_us;$type;createdAt;subject","app.yoten.graph.follow","./records/yoten.app.graph"
"zio.blue.atfile","48","6","did;collection;rkey;record;time_us;$type;blob;checksum;createdAt;file;finger;meta;ref;mimeType;size;algo;hash;modifiedAt;name;app;host;id;os;reason;$link;langs;text;artist;audio;biteRate;date;duration;format;gps;title;video;create;modify;alt;lat;long;tags;album;album_artist;disc;track;position;total","blue.zio.atfile.upload;blob;blue.zio.atfile.finger#machine;blue.zio.atfile.meta#unknown;blue.zio.atfile.meta#video;blue.zio.atfile.meta#audio","./records/zio.blue.atfile"
"zio.blue.bsky2tg","13","1","did;collection;rkey;record;time_us;$type;channel_id;error;link;message;message_id;cid;uri","blue.zio.bsky2tg.post","./records/zio.blue.bsky2tg"
"zzstoatzz.io.cdn","18","1","did;collection;rkey;record;time_us;$type;blob;createdAt;mime_type;py_type;ref;size;link;alt;cdnKey;cdnUrl;contentType;tags","io.zzstoatzz.cdn.image","./records/zzstoatzz.io.cdn"
"zzstoatzz.io.status","10","1","did;collection;rkey;record;time_us;$type;createdAt;emoji;text;expires","io.zzstoatzz.status.record","./records/zzstoatzz.io.status"